Date,Likes,Change
"May 7, 2019",565,0
"May 8, 2019",565,0
"May 9, 2019",565,0
"May 10, 2019",566,1
"May 11, 2019",566,0
"May 12, 2019",566,0
"May 13, 2019",566,0
"May 14, 2019",566,0
"May 15, 2019",567,1
"May 16, 2019",567,0
"May 17, 2019",567,0
"May 18, 2019",567,0
"May 19, 2019",567,0
"May 20, 2019",568,1
"May 21, 2019",568,0
"May 22, 2019",568,0
"May 23, 2019",568,0
"May 24, 2019",568,0
"May 25, 2019",569,1
"May 26, 2019",569,0
"May 27, 2019",569,0
"May 28, 2019",569,0
"May 29, 2019",569,0
"May 30, 2019",570,1
"May 31, 2019",570,0
"Jun 1, 2019",570,0
"Jun 2, 2019",570,0
"Jun 3, 2019",570,0
"Jun 4, 2019",571,1
"Jun 5, 2019",571,0
"Jun 6, 2019",571,0
"Jun 7, 2019",571,0
"Jun 8, 2019",571,0
"Jun 9, 2019",572,1
"Jun 10, 2019",572,0
"Jun 11, 2019",572,0
"Jun 12, 2019",572,0
"Jun 13, 2019",572,0
"Jun 14, 2019",573,1
"Jun 15, 2019",573,0
"Jun 16, 2019",573,0
"Jun 17, 2019",573,0
"Jun 18, 2019",573,0
"Jun 19, 2019",573,0
"Jun 20, 2019",573,0
"Jun 21, 2019",573,0
"Jun 22, 2019",574,1
"Jun 23, 2019",574,0
"Jun 24, 2019",574,0
"Jun 25, 2019",574,0
"Jun 26, 2019",574,0
"Jun 27, 2019",574,0
"Jun 28, 2019",576,2
"Jun 29, 2019",576,0
"Jun 30, 2019",576,0
"Jul 1, 2019",576,0
"Jul 2, 2019",576,0
"Jul 3, 2019",576,0
"Jul 4, 2019",576,0
"Jul 5, 2019",576,0
"Jul 6, 2019",576,0
"Jul 7, 2019",575,-1
"Jul 8, 2019",575,0
"Jul 9, 2019",575,0
"Jul 10, 2019",575,0
"Jul 11, 2019",575,0
"Jul 12, 2019",575,0
"Jul 13, 2019",575,0
"Jul 14, 2019",575,0
"Jul 15, 2019",576,1
"Jul 16, 2019",576,0
"Jul 17, 2019",576,0
"Jul 18, 2019",576,0
"Jul 19, 2019",576,0
"Jul 20, 2019",576,0
"Jul 21, 2019",576,0
"Jul 22, 2019",576,0
"Jul 23, 2019",576,0
"Jul 24, 2019",576,0
"Jul 25, 2019",576,0
"Jul 26, 2019",577,1
"Jul 27, 2019",577,0
"Jul 28, 2019",577,0
"Jul 29, 2019",577,0
"Jul 30, 2019",577,0
"Jul 31, 2019",577,0
"Aug 1, 2019",577,0
"Aug 2, 2019",577,0
"Aug 3, 2019",578,1
"Aug 4, 2019",577,-1
"Aug 5, 2019",577,0
"Aug 6, 2019",577,0
"Aug 7, 2019",578,1
"Aug 8, 2019",578,0
"Aug 9, 2019",578,0
"Aug 10, 2019",580,2
"Aug 11, 2019",580,0
"Aug 12, 2019",580,0
"Aug 13, 2019",581,1
"Aug 14, 2019",581,0
"Aug 15, 2019",581,0
"Aug 16, 2019",582,1
"Aug 17, 2019",582,0
"Aug 18, 2019",582,0
"Aug 19, 2019",584,2
"Aug 20, 2019",584,0
"Aug 21, 2019",584,0
"Aug 22, 2019",584,0
"Aug 23, 2019",585,1
"Aug 24, 2019",586,1
"Aug 25, 2019",586,0
"Aug 26, 2019",586,0
"Aug 27, 2019",587,1
"Aug 28, 2019",587,0
"Aug 29, 2019",587,0
"Aug 30, 2019",587,0
"Aug 31, 2019",587,0
"Sep 1, 2019",587,0
"Sep 2, 2019",587,0
"Sep 3, 2019",587,0
"Sep 4, 2019",587,0
"Sep 5, 2019",587,0
"Sep 6, 2019",587,0
"Sep 7, 2019",587,0
"Sep 8, 2019",587,0
"Sep 9, 2019",587,0
"Sep 10, 2019",587,0
"Sep 11, 2019",587,0
"Sep 12, 2019",588,1
"Sep 13, 2019",588,0
"Sep 14, 2019",588,0
"Sep 15, 2019",589,1
"Sep 16, 2019",589,0
"Sep 17, 2019",589,0
"Sep 18, 2019",589,0
"Sep 19, 2019",589,0
"Sep 20, 2019",589,0
"Sep 21, 2019",589,0
"Sep 22, 2019",589,0
"Sep 23, 2019",589,0
"Sep 24, 2019",589,0
"Sep 25, 2019",589,0
"Sep 26, 2019",589,0
"Sep 27, 2019",589,0
"Sep 28, 2019",589,0
"Sep 29, 2019",589,0
"Sep 30, 2019",590,1
"Oct 1, 2019",590,0
"Oct 2, 2019",590,0
"Oct 3, 2019",590,0
"Oct 4, 2019",590,0
"Oct 5, 2019",590,0
"Oct 6, 2019",590,0
"Oct 7, 2019",590,0
"Oct 8, 2019",590,0
"Oct 9, 2019",590,0
"Oct 10, 2019",590,0
"Oct 11, 2019",590,0
"Oct 12, 2019",590,0
"Oct 13, 2019",591,1
"Oct 14, 2019",591,0
"Oct 15, 2019",591,0
"Oct 16, 2019",591,0
"Oct 17, 2019",591,0
"Oct 18, 2019",591,0
"Oct 19, 2019",591,0
"Oct 20, 2019",591,0
"Oct 21, 2019",592,1
"Oct 22, 2019",592,0
"Oct 23, 2019",592,0
"Oct 24, 2019",592,0
"Oct 25, 2019",592,0
"Oct 26, 2019",592,0
"Oct 27, 2019",592,0
"Oct 28, 2019",592,0
"Oct 29, 2019",593,1
"Oct 30, 2019",593,0
"Oct 31, 2019",593,0
"Nov 1, 2019",593,0
"Nov 2, 2019",593,0
"Nov 3, 2019",593,0
"Nov 4, 2019",593,0
"Nov 5, 2019",593,0
"Nov 6, 2019",594,1
"Nov 7, 2019",594,0
"Nov 8, 2019",594,0
"Nov 9, 2019",594,0
"Nov 10, 2019",594,0
"Nov 11, 2019",594,0
"Nov 12, 2019",594,0
"Nov 13, 2019",594,0
"Nov 14, 2019",595,1
"Nov 15, 2019",595,0
"Nov 16, 2019",595,0
"Nov 17, 2019",595,0
"Nov 18, 2019",595,0
"Nov 19, 2019",595,0
"Nov 20, 2019",595,0
"Nov 21, 2019",595,0
"Nov 22, 2019",596,1
"Nov 23, 2019",596,0
"Nov 24, 2019",596,0
"Nov 25, 2019",596,0
"Nov 26, 2019",596,0
"Nov 27, 2019",596,0
"Nov 28, 2019",596,0
"Nov 29, 2019",596,0
"Nov 30, 2019",596,0
"Dec 1, 2019",597,1
"Dec 2, 2019",597,0
"Dec 3, 2019",597,0
"Dec 4, 2019",597,0
"Dec 5, 2019",597,0
"Dec 6, 2019",597,0
"Dec 7, 2019",597,0
"Dec 8, 2019",597,0
"Dec 9, 2019",597,0
"Dec 10, 2019",597,0
"Dec 11, 2019",597,0
"Dec 12, 2019",597,0
"Dec 13, 2019",598,1
"Dec 14, 2019",598,0
"Dec 15, 2019",598,0
"Dec 16, 2019",598,0
"Dec 17, 2019",598,0
"Dec 18, 2019",598,0
"Dec 19, 2019",598,0
"Dec 20, 2019",598,0
"Dec 21, 2019",598,0
"Dec 22, 2019",598,0
"Dec 23, 2019",599,1
"Dec 24, 2019",599,0
"Dec 25, 2019",599,0
"Dec 26, 2019",599,0
"Dec 27, 2019",599,0
"Dec 28, 2019",599,0
"Dec 29, 2019",600,1
"Dec 30, 2019",600,0
"Dec 31, 2019",600,0
"Jan 1, 2020",600,0
"Jan 2, 2020",600,0
"Jan 3, 2020",600,0
"Jan 4, 2020",600,0
"Jan 5, 2020",601,1
"Jan 6, 2020",601,0
"Jan 7, 2020",601,0
"Jan 8, 2020",601,0
"Jan 9, 2020",601,0
"Jan 10, 2020",601,0
"Jan 11, 2020",601,0
"Jan 12, 2020",601,0
"Jan 13, 2020",601,0
"Jan 14, 2020",602,1
"Jan 15, 2020",602,0
"Jan 16, 2020",602,0
"Jan 17, 2020",602,0
"Jan 18, 2020",602,0
"Jan 19, 2020",602,0
"Jan 20, 2020",602,0
"Jan 21, 2020",602,0
"Jan 22, 2020",602,0
"Jan 23, 2020",602,0
"Jan 24, 2020",603,1
"Jan 25, 2020",603,0
"Jan 26, 2020",603,0
"Jan 27, 2020",603,0
"Jan 28, 2020",603,0
"Jan 29, 2020",603,0
"Jan 30, 2020",603,0
"Jan 31, 2020",603,0
"Feb 1, 2020",603,0
"Feb 2, 2020",603,0
"Feb 3, 2020",603,0
"Feb 4, 2020",603,0
"Feb 5, 2020",603,0
"Feb 6, 2020",603,0
"Feb 7, 2020",603,0
"Feb 8, 2020",603,0
"Feb 9, 2020",603,0
"Feb 10, 2020",603,0
"Feb 11, 2020",603,0
"Feb 12, 2020",603,0
"Feb 13, 2020",603,0
"Feb 14, 2020",603,0
"Feb 15, 2020",603,0
"Feb 16, 2020",603,0
"Feb 17, 2020",603,0
"Feb 18, 2020",603,0
"Feb 19, 2020",603,0
"Feb 20, 2020",603,0
"Feb 21, 2020",603,0
"Feb 22, 2020",603,0
"Feb 23, 2020",603,0
"Feb 24, 2020",603,0
"Feb 25, 2020",603,0
"Feb 26, 2020",603,0
"Feb 27, 2020",603,0
"Feb 28, 2020",603,0
"Feb 29, 2020",603,0
"Mar 1, 2020",603,0
"Mar 2, 2020",603,0
"Mar 3, 2020",603,0
"Mar 4, 2020",603,0
"Mar 5, 2020",603,0
"Mar 6, 2020",603,0
"Mar 7, 2020",603,0
"Mar 8, 2020",603,0
"Mar 9, 2020",603,0
"Mar 10, 2020",603,0
"Mar 11, 2020",603,0
"Mar 12, 2020",603,0
"Mar 13, 2020",604,1
"Mar 14, 2020",604,0
"Mar 15, 2020",604,0
"Mar 16, 2020",604,0
"Mar 17, 2020",604,0
"Mar 18, 2020",604,0
"Mar 19, 2020",604,0
"Mar 20, 2020",604,0
"Mar 21, 2020",604,0
"Mar 22, 2020",604,0
"Mar 23, 2020",604,0
"Mar 24, 2020",604,0
"Mar 25, 2020",604,0
"Mar 26, 2020",604,0
"Mar 27, 2020",604,0
"Mar 28, 2020",604,0
"Mar 29, 2020",604,0
"Mar 30, 2020",604,0
"Mar 31, 2020",604,0
"Apr 1, 2020",604,0
"Apr 2, 2020",604,0
"Apr 3, 2020",604,0
"Apr 4, 2020",604,0
"Apr 5, 2020",604,0
"Apr 6, 2020",604,0
"Apr 7, 2020",604,0
"Apr 8, 2020",604,0
"Apr 9, 2020",604,0
"Apr 10, 2020",604,0
"Apr 11, 2020",604,0
"Apr 12, 2020",605,1
"Apr 13, 2020",605,0
"Apr 14, 2020",605,0
"Apr 15, 2020",605,0
"Apr 16, 2020",605,0
"Apr 17, 2020",605,0
"Apr 18, 2020",605,0
"Apr 19, 2020",605,0
"Apr 20, 2020",605,0
"Apr 21, 2020",605,0
"Apr 22, 2020",605,0
"Apr 23, 2020",605,0
"Apr 24, 2020",605,0
"Apr 25, 2020",605,0
"Apr 26, 2020",605,0
"Apr 27, 2020",605,0
"Apr 28, 2020",605,0
"Apr 29, 2020",605,0
"Apr 30, 2020",605,0
"May 1, 2020",606,1
"May 2, 2020",606,0
"May 3, 2020",606,0
"May 4, 2020",606,0
"May 5, 2020",606,0
"May 6, 2020",606,0
"May 7, 2020",606,0
"May 8, 2020",606,0
"May 9, 2020",606,0
"May 10, 2020",606,0
"May 11, 2020",607,1
"May 12, 2020",607,0
"May 13, 2020",607,0
"May 14, 2020",607,0
"May 15, 2020",607,0
"May 16, 2020",607,0
"May 17, 2020",607,0
"May 18, 2020",607,0
"May 19, 2020",607,0
"May 20, 2020",607,0
"May 21, 2020",608,1
"May 22, 2020",608,0
"May 23, 2020",608,0
"May 24, 2020",608,0
"May 25, 2020",608,0
"May 26, 2020",608,0
"May 27, 2020",608,0
"May 28, 2020",608,0
"May 29, 2020",608,0
"May 30, 2020",608,0
"May 31, 2020",608,0
"Jun 1, 2020",608,0
"Jun 2, 2020",608,0
"Jun 3, 2020",608,0
"Jun 4, 2020",608,0
"Jun 5, 2020",608,0
"Jun 6, 2020",608,0
"Jun 7, 2020",608,0
"Jun 8, 2020",608,0
"Jun 9, 2020",608,0
"Jun 10, 2020",607,-1
"Jun 11, 2020",607,0
"Jun 12, 2020",607,0
"Jun 13, 2020",607,0
"Jun 14, 2020",607,0
"Jun 15, 2020",607,0
"Jun 16, 2020",607,0
"Jun 17, 2020",607,0
"Jun 18, 2020",607,0
"Jun 19, 2020",607,0
"Jun 20, 2020",607,0
"Jun 21, 2020",607,0
"Jun 22, 2020",607,0
"Jun 23, 2020",607,0
"Jun 24, 2020",607,0
"Jun 25, 2020",607,0
"Jun 26, 2020",607,0
"Jun 27, 2020",607,0
"Jun 28, 2020",607,0
"Jun 29, 2020",607,0
"Jun 30, 2020",607,0
"Jul 1, 2020",607,0
"Jul 2, 2020",607,0
"Jul 3, 2020",607,0
"Jul 4, 2020",607,0
"Jul 5, 2020",607,0
"Jul 6, 2020",607,0
"Jul 7, 2020",607,0
"Jul 8, 2020",607,0
"Jul 9, 2020",608,1
"Jul 10, 2020",608,0
"Jul 11, 2020",608,0
"Jul 12, 2020",608,0
"Jul 13, 2020",608,0
"Jul 14, 2020",608,0
"Jul 15, 2020",608,0
"Jul 16, 2020",608,0
"Jul 17, 2020",608,0
"Jul 18, 2020",608,0
"Jul 19, 2020",608,0
"Jul 20, 2020",608,0
"Jul 21, 2020",608,0
"Jul 22, 2020",608,0
"Jul 23, 2020",608,0
"Jul 24, 2020",608,0
"Jul 25, 2020",608,0
"Jul 26, 2020",608,0
"Jul 27, 2020",608,0
"Jul 28, 2020",608,0
"Jul 29, 2020",608,0
"Jul 30, 2020",608,0
"Jul 31, 2020",608,0
"Aug 1, 2020",608,0
"Aug 2, 2020",608,0
"Aug 3, 2020",608,0
"Aug 4, 2020",608,0
"Aug 5, 2020",608,0
"Aug 6, 2020",608,0
"Aug 7, 2020",608,0
"Aug 8, 2020",608,0
"Aug 9, 2020",608,0
"Aug 10, 2020",609,1
"Aug 11, 2020",609,0
"Aug 12, 2020",609,0
"Aug 13, 2020",609,0
"Aug 14, 2020",609,0
"Aug 15, 2020",609,0
"Aug 16, 2020",609,0
"Aug 17, 2020",609,0
"Aug 18, 2020",609,0
"Aug 19, 2020",609,0
"Aug 20, 2020",609,0
"Aug 21, 2020",609,0
"Aug 22, 2020",609,0
"Aug 23, 2020",609,0
"Aug 24, 2020",609,0
"Aug 25, 2020",609,0
"Aug 26, 2020",609,0
"Aug 27, 2020",609,0
"Aug 28, 2020",609,0
"Aug 29, 2020",609,0
"Aug 30, 2020",609,0
"Aug 31, 2020",609,0
"Sep 1, 2020",609,0
"Sep 2, 2020",609,0
"Sep 3, 2020",609,0
"Sep 4, 2020",609,0
"Sep 5, 2020",609,0
"Sep 6, 2020",609,0
"Sep 7, 2020",609,0
"Sep 8, 2020",609,0
"Sep 9, 2020",610,1
"Sep 10, 2020",610,0
"Sep 11, 2020",610,0
"Sep 12, 2020",610,0
"Sep 13, 2020",610,0
"Sep 14, 2020",610,0
"Sep 15, 2020",610,0
"Sep 16, 2020",610,0
"Sep 17, 2020",610,0
"Sep 18, 2020",610,0
"Sep 19, 2020",610,0
"Sep 20, 2020",610,0
"Sep 21, 2020",610,0
"Sep 22, 2020",610,0
"Sep 23, 2020",610,0
"Sep 24, 2020",610,0
"Sep 25, 2020",610,0
"Sep 26, 2020",610,0
"Sep 27, 2020",610,0
"Sep 28, 2020",610,0
"Sep 29, 2020",610,0
"Sep 30, 2020",610,0
"Oct 1, 2020",610,0
"Oct 2, 2020",610,0
"Oct 3, 2020",610,0
"Oct 4, 2020",610,0
"Oct 5, 2020",610,0
"Oct 6, 2020",610,0
"Oct 7, 2020",610,0
"Oct 8, 2020",611,1
"Oct 9, 2020",611,0
"Oct 10, 2020",611,0
"Oct 11, 2020",611,0
"Oct 12, 2020",611,0
"Oct 13, 2020",611,0
"Oct 14, 2020",611,0
"Oct 15, 2020",611,0
"Oct 16, 2020",611,0
"Oct 17, 2020",611,0
"Oct 18, 2020",611,0
"Oct 19, 2020",611,0
"Oct 20, 2020",611,0
"Oct 21, 2020",611,0
"Oct 22, 2020",611,0
"Oct 23, 2020",611,0
"Oct 24, 2020",611,0
"Oct 25, 2020",611,0
"Oct 26, 2020",611,0
"Oct 27, 2020",611,0
"Oct 28, 2020",611,0
"Oct 29, 2020",611,0
"Oct 30, 2020",611,0
"Oct 31, 2020",611,0
"Nov 1, 2020",611,0
"Nov 2, 2020",611,0
"Nov 3, 2020",611,0
"Nov 4, 2020",611,0
"Nov 5, 2020",611,0
"Nov 6, 2020",612,1
"Nov 7, 2020",612,0
"Nov 8, 2020",612,0
"Nov 9, 2020",612,0
"Nov 10, 2020",612,0
"Nov 11, 2020",612,0
"Nov 12, 2020",612,0
"Nov 13, 2020",612,0
"Nov 14, 2020",612,0
"Nov 15, 2020",612,0
"Nov 16, 2020",612,0
"Nov 17, 2020",612,0
"Nov 18, 2020",612,0
"Nov 19, 2020",612,0
"Nov 20, 2020",612,0
"Nov 21, 2020",612,0
"Nov 22, 2020",612,0
"Nov 23, 2020",612,0
"Nov 24, 2020",612,0
"Nov 25, 2020",612,0
"Nov 26, 2020",612,0
"Nov 27, 2020",612,0
"Nov 28, 2020",612,0
"Nov 29, 2020",612,0
"Nov 30, 2020",612,0
"Dec 1, 2020",612,0
"Dec 2, 2020",612,0
"Dec 3, 2020",612,0
"Dec 4, 2020",612,0
"Dec 5, 2020",612,0
"Dec 6, 2020",613,1
"Dec 7, 2020",613,0
"Dec 8, 2020",613,0
"Dec 9, 2020",613,0
"Dec 10, 2020",613,0
"Dec 11, 2020",613,0
"Dec 12, 2020",613,0
"Dec 13, 2020",613,0
"Dec 14, 2020",613,0
"Dec 15, 2020",613,0
"Dec 16, 2020",613,0
"Dec 17, 2020",613,0
"Dec 18, 2020",613,0
"Dec 19, 2020",613,0
"Dec 20, 2020",613,0
"Dec 21, 2020",613,0
"Dec 22, 2020",613,0
"Dec 23, 2020",613,0
"Dec 24, 2020",613,0
"Dec 25, 2020",613,0
"Dec 26, 2020",613,0
"Dec 27, 2020",613,0
"Dec 28, 2020",613,0
"Dec 29, 2020",613,0
"Dec 30, 2020",613,0
"Dec 31, 2020",613,0
"Jan 1, 2021",613,0
"Jan 2, 2021",613,0
"Jan 3, 2021",613,0
"Jan 4, 2021",614,1
"Jan 5, 2021",614,0
"Jan 6, 2021",614,0
"Jan 7, 2021",614,0
"Jan 8, 2021",614,0
"Jan 9, 2021",614,0
"Jan 10, 2021",614,0
"Jan 11, 2021",614,0
"Jan 12, 2021",614,0
"Jan 13, 2021",614,0
"Jan 14, 2021",614,0
"Jan 15, 2021",614,0
"Jan 16, 2021",614,0
"Jan 17, 2021",614,0
"Jan 18, 2021",614,0
"Jan 19, 2021",614,0
"Jan 20, 2021",614,0
"Jan 21, 2021",614,0
"Jan 22, 2021",614,0
"Jan 23, 2021",614,0
"Jan 24, 2021",614,0
"Jan 25, 2021",614,0
"Jan 26, 2021",614,0
"Jan 27, 2021",614,0
"Jan 28, 2021",614,0
"Jan 29, 2021",614,0
"Jan 30, 2021",614,0
"Jan 31, 2021",614,0
"Feb 1, 2021",614,0
"Feb 2, 2021",614,0
"Feb 3, 2021",615,1
"Feb 4, 2021",615,0
"Feb 5, 2021",615,0
"Feb 6, 2021",615,0
"Feb 7, 2021",615,0
"Feb 8, 2021",615,0
"Feb 9, 2021",615,0
"Feb 10, 2021",615,0
"Feb 11, 2021",615,0
"Feb 12, 2021",615,0
"Feb 13, 2021",615,0
"Feb 14, 2021",615,0
"Feb 15, 2021",615,0
"Feb 16, 2021",615,0
"Feb 17, 2021",615,0
"Feb 18, 2021",615,0
"Feb 19, 2021",615,0
"Feb 20, 2021",615,0
"Feb 21, 2021",615,0
"Feb 22, 2021",615,0
"Feb 23, 2021",615,0
"Feb 24, 2021",615,0
"Feb 25, 2021",615,0
"Feb 26, 2021",615,0
"Feb 27, 2021",615,0
"Feb 28, 2021",614,-1
"Mar 1, 2021",614,0
"Mar 2, 2021",614,0
"Mar 3, 2021",614,0
"Mar 4, 2021",614,0
"Mar 5, 2021",614,0
"Mar 6, 2021",614,0
"Mar 7, 2021",614,0
"Mar 8, 2021",614,0
"Mar 9, 2021",614,0
"Mar 10, 2021",614,0
"Mar 11, 2021",614,0
"Mar 12, 2021",614,0
"Mar 13, 2021",614,0
"Mar 14, 2021",614,0
"Mar 15, 2021",614,0
"Mar 16, 2021",614,0
"Mar 17, 2021",614,0
"Mar 18, 2021",614,0
"Mar 19, 2021",614,0
"Mar 20, 2021",614,0
"Mar 21, 2021",614,0
"Mar 22, 2021",614,0
"Mar 23, 2021",614,0
"Mar 24, 2021",614,0
"Mar 25, 2021",614,0
"Mar 26, 2021",614,0
"Mar 27, 2021",614,0
"Mar 28, 2021",614,0
"Mar 29, 2021",614,0
"Mar 30, 2021",614,0
"Mar 31, 2021",614,0
"Apr 1, 2021",614,0
"Apr 2, 2021",614,0
"Apr 3, 2021",614,0
"Apr 4, 2021",614,0
"Apr 5, 2021",614,0
"Apr 6, 2021",614,0
"Apr 7, 2021",614,0
"Apr 8, 2021",614,0
"Apr 9, 2021",614,0
"Apr 10, 2021",614,0
"Apr 11, 2021",614,0
"Apr 12, 2021",614,0
"Apr 13, 2021",614,0
"Apr 14, 2021",614,0
"Apr 15, 2021",614,0
"Apr 16, 2021",614,0
"Apr 17, 2021",614,0
"Apr 18, 2021",614,0
"Apr 19, 2021",614,0
"Apr 20, 2021",614,0
"Apr 21, 2021",614,0
"Apr 22, 2021",614,0
"Apr 23, 2021",614,0
"Apr 24, 2021",614,0
"Apr 25, 2021",614,0
"Apr 26, 2021",614,0
"Apr 27, 2021",614,0
"Apr 28, 2021",614,0
"Apr 29, 2021",614,0
"Apr 30, 2021",614,0
"May 1, 2021",614,0
"May 2, 2021",614,0
"May 3, 2021",614,0
"May 4, 2021",614,0
"May 5, 2021",614,0
"May 6, 2021",614,0
"May 7, 2021",614,0
"May 8, 2021",614,0
"May 9, 2021",614,0
"May 10, 2021",614,0
"May 11, 2021",614,0
"May 12, 2021",614,0
"May 13, 2021",614,0
"May 14, 2021",614,0
"May 15, 2021",614,0
"May 16, 2021",614,0
"May 17, 2021",614,0
"May 18, 2021",614,0
"May 19, 2021",614,0
"May 20, 2021",614,0
"May 21, 2021",614,0
"May 22, 2021",614,0
"May 23, 2021",615,1
"May 24, 2021",615,0
"May 25, 2021",615,0
"May 26, 2021",615,0
"May 27, 2021",615,0
"May 28, 2021",615,0
"May 29, 2021",615,0
"May 30, 2021",615,0
"May 31, 2021",615,0
"Jun 1, 2021",615,0
"Jun 2, 2021",615,0
"Jun 3, 2021",615,0
"Jun 4, 2021",615,0
"Jun 5, 2021",615,0
"Jun 6, 2021",615,0
"Jun 7, 2021",615,0
"Jun 8, 2021",615,0
"Jun 9, 2021",615,0
"Jun 10, 2021",615,0
"Jun 11, 2021",615,0
"Jun 12, 2021",615,0
"Jun 13, 2021",616,1
"Jun 14, 2021",616,0
"Jun 15, 2021",616,0
"Jun 16, 2021",616,0
"Jun 17, 2021",616,0
"Jun 18, 2021",616,0
"Jun 19, 2021",616,0
"Jun 20, 2021",616,0
"Jun 21, 2021",616,0
"Jun 22, 2021",616,0
"Jun 23, 2021",616,0
"Jun 24, 2021",616,0
"Jun 25, 2021",616,0
"Jun 26, 2021",616,0
"Jun 27, 2021",616,0
"Jun 28, 2021",616,0
"Jun 29, 2021",616,0
"Jun 30, 2021",616,0
"Jul 1, 2021",616,0
"Jul 2, 2021",616,0
"Jul 3, 2021",616,0
"Jul 4, 2021",616,0
"Jul 5, 2021",616,0
"Jul 6, 2021",616,0
"Jul 7, 2021",616,0
"Jul 8, 2021",616,0
"Jul 9, 2021",616,0
"Jul 10, 2021",616,0
"Jul 11, 2021",616,0
"Jul 12, 2021",616,0
"Jul 13, 2021",616,0
"Jul 14, 2021",616,0
"Jul 15, 2021",616,0
"Jul 16, 2021",616,0
"Jul 17, 2021",616,0
"Jul 18, 2021",616,0
"Jul 19, 2021",616,0
"Jul 20, 2021",616,0
"Jul 21, 2021",616,0
"Jul 22, 2021",616,0
"Jul 23, 2021",616,0
"Jul 24, 2021",616,0
"Jul 25, 2021",615,-1
"Jul 26, 2021",615,0
"Jul 27, 2021",615,0
"Jul 28, 2021",615,0
"Jul 29, 2021",615,0
"Jul 30, 2021",615,0
"Jul 31, 2021",615,0
"Aug 1, 2021",615,0
"Aug 2, 2021",615,0
"Aug 3, 2021",615,0
"Aug 4, 2021",615,0
"Aug 5, 2021",615,0
"Aug 6, 2021",615,0
"Aug 7, 2021",615,0
"Aug 8, 2021",615,0
"Aug 9, 2021",615,0
"Aug 10, 2021",615,0
"Aug 11, 2021",615,0
"Aug 12, 2021",615,0
"Aug 13, 2021",615,0
"Aug 14, 2021",615,0
"Aug 15, 2021",615,0
"Aug 16, 2021",615,0
"Aug 17, 2021",615,0
"Aug 18, 2021",615,0
"Aug 19, 2021",615,0
"Aug 20, 2021",615,0
"Aug 21, 2021",615,0
"Aug 22, 2021",615,0
"Aug 23, 2021",615,0
"Aug 24, 2021",615,0
"Aug 25, 2021",615,0
"Aug 26, 2021",615,0
"Aug 27, 2021",615,0
"Aug 28, 2021",615,0
"Aug 29, 2021",615,0
"Aug 30, 2021",615,0
"Aug 31, 2021",615,0
"Sep 1, 2021",615,0
"Sep 2, 2021",615,0
"Sep 3, 2021",615,0
"Sep 4, 2021",615,0
"Sep 5, 2021",615,0
"Sep 6, 2021",615,0
"Sep 7, 2021",615,0
"Sep 8, 2021",615,0
"Sep 9, 2021",615,0
"Sep 10, 2021",615,0
"Sep 11, 2021",615,0
"Sep 12, 2021",615,0
"Sep 13, 2021",615,0
"Sep 14, 2021",615,0
"Sep 15, 2021",615,0
"Sep 16, 2021",615,0
"Sep 17, 2021",615,0
"Sep 18, 2021",615,0
"Sep 19, 2021",615,0
"Sep 20, 2021",615,0
"Sep 21, 2021",615,0
"Sep 22, 2021",615,0
"Sep 23, 2021",615,0
"Sep 24, 2021",615,0
"Sep 25, 2021",615,0
"Sep 26, 2021",615,0
"Sep 27, 2021",615,0
"Sep 28, 2021",615,0
"Sep 29, 2021",615,0
"Sep 30, 2021",615,0
"Oct 1, 2021",615,0
"Oct 2, 2021",615,0
"Oct 3, 2021",615,0
"Oct 4, 2021",615,0
"Oct 5, 2021",615,0
"Oct 6, 2021",615,0
"Oct 7, 2021",615,0
"Oct 8, 2021",615,0
"Oct 9, 2021",615,0
"Oct 10, 2021",615,0
"Oct 11, 2021",615,0
"Oct 12, 2021",615,0
"Oct 13, 2021",615,0
"Oct 14, 2021",615,0
"Oct 15, 2021",615,0
"Oct 16, 2021",615,0
"Oct 17, 2021",615,0
"Oct 18, 2021",615,0
"Oct 19, 2021",615,0
"Oct 20, 2021",615,0
"Oct 21, 2021",615,0
"Oct 22, 2021",615,0
"Oct 23, 2021",615,0
"Oct 24, 2021",615,0
"Oct 25, 2021",615,0
"Oct 26, 2021",615,0
"Oct 27, 2021",615,0
"Oct 28, 2021",615,0
"Oct 29, 2021",615,0
"Oct 30, 2021",615,0
"Oct 31, 2021",615,0
"Nov 1, 2021",615,0
"Nov 2, 2021",615,0
"Nov 3, 2021",615,0
"Nov 4, 2021",615,0
"Nov 5, 2021",615,0
"Nov 6, 2021",615,0
"Nov 7, 2021",615,0
"Nov 8, 2021",615,0
"Nov 9, 2021",615,0
"Nov 10, 2021",615,0
"Nov 11, 2021",615,0
"Nov 12, 2021",615,0
"Nov 13, 2021",615,0
"Nov 14, 2021",615,0
"Nov 15, 2021",615,0
"Nov 16, 2021",615,0
"Nov 17, 2021",615,0
"Nov 18, 2021",615,0
"Nov 19, 2021",615,0
"Nov 20, 2021",615,0
"Nov 21, 2021",615,0
"Nov 22, 2021",615,0
"Nov 23, 2021",615,0
"Nov 24, 2021",615,0
"Nov 25, 2021",615,0
"Nov 26, 2021",615,0
"Nov 27, 2021",615,0
"Nov 28, 2021",615,0
"Nov 29, 2021",615,0
"Nov 30, 2021",615,0
"Dec 1, 2021",615,0
"Dec 2, 2021",615,0
"Dec 3, 2021",615,0
"Dec 4, 2021",615,0
"Dec 5, 2021",615,0
"Dec 6, 2021",615,0
"Dec 7, 2021",615,0
"Dec 8, 2021",615,0
"Dec 9, 2021",615,0
"Dec 10, 2021",615,0
"Dec 11, 2021",615,0
"Dec 12, 2021",615,0
"Dec 13, 2021",615,0
"Dec 14, 2021",615,0
"Dec 15, 2021",615,0
"Dec 16, 2021",615,0
"Dec 17, 2021",615,0
"Dec 18, 2021",615,0
"Dec 19, 2021",616,1
"Dec 20, 2021",616,0
"Dec 21, 2021",616,0
"Dec 22, 2021",616,0
"Dec 23, 2021",616,0
"Dec 24, 2021",616,0
"Dec 25, 2021",616,0
"Dec 26, 2021",616,0
"Dec 27, 2021",616,0
"Dec 28, 2021",616,0
"Dec 29, 2021",616,0
"Dec 30, 2021",616,0
"Dec 31, 2021",616,0
"Jan 1, 2022",616,0
"Jan 2, 2022",616,0
"Jan 3, 2022",616,0
"Jan 4, 2022",616,0
"Jan 5, 2022",616,0
"Jan 6, 2022",616,0
"Jan 7, 2022",616,0
"Jan 8, 2022",616,0
"Jan 9, 2022",616,0
"Jan 10, 2022",616,0
"Jan 11, 2022",616,0
"Jan 12, 2022",616,0
"Jan 13, 2022",616,0
"Jan 14, 2022",616,0
"Jan 15, 2022",616,0
"Jan 16, 2022",616,0
"Jan 17, 2022",616,0
"Jan 18, 2022",616,0
"Jan 19, 2022",616,0
"Jan 20, 2022",616,0
"Jan 21, 2022",617,1
"Jan 22, 2022",617,0
"Jan 23, 2022",617,0
"Jan 24, 2022",617,0
"Jan 25, 2022",617,0
"Jan 26, 2022",617,0
"Jan 27, 2022",617,0
"Jan 28, 2022",617,0
"Jan 29, 2022",617,0
"Jan 30, 2022",617,0
"Jan 31, 2022",617,0
"Feb 1, 2022",617,0
"Feb 2, 2022",617,0
"Feb 3, 2022",617,0
"Feb 4, 2022",617,0
"Feb 5, 2022",617,0
"Feb 6, 2022",617,0
"Feb 7, 2022",617,0
"Feb 8, 2022",617,0
"Feb 9, 2022",617,0
"Feb 10, 2022",617,0
"Feb 11, 2022",617,0
"Feb 12, 2022",617,0
"Feb 13, 2022",617,0
"Feb 14, 2022",617,0
"Feb 15, 2022",617,0
"Feb 16, 2022",617,0
"Feb 17, 2022",617,0
"Feb 18, 2022",617,0
"Feb 19, 2022",617,0
"Feb 20, 2022",617,0
"Feb 21, 2022",617,0
"Feb 22, 2022",617,0
"Feb 23, 2022",617,0
"Feb 24, 2022",617,0
"Feb 25, 2022",617,0
"Feb 26, 2022",617,0
"Feb 27, 2022",617,0
"Feb 28, 2022",617,0
"Mar 1, 2022",617,0
"Mar 2, 2022",617,0
"Mar 3, 2022",617,0
"Mar 4, 2022",617,0
"Mar 5, 2022",617,0
"Mar 6, 2022",617,0
"Mar 7, 2022",617,0
"Mar 8, 2022",617,0
"Mar 9, 2022",617,0
"Mar 10, 2022",617,0
"Mar 11, 2022",617,0
"Mar 12, 2022",617,0
"Mar 13, 2022",617,0
"Mar 14, 2022",617,0
"Mar 15, 2022",617,0
"Mar 16, 2022",617,0
"Mar 17, 2022",617,0
"Mar 18, 2022",617,0
"Mar 19, 2022",617,0
"Mar 20, 2022",617,0
"Mar 21, 2022",617,0
"Mar 22, 2022",617,0
"Mar 23, 2022",617,0
"Mar 24, 2022",617,0
"Mar 25, 2022",617,0
"Mar 26, 2022",617,0
"Mar 27, 2022",617,0
"Mar 28, 2022",617,0
"Mar 29, 2022",617,0
"Mar 30, 2022",617,0
"Mar 31, 2022",617,0
"Apr 1, 2022",617,0
"Apr 2, 2022",617,0
"Apr 3, 2022",617,0
"Apr 4, 2022",617,0
"Apr 5, 2022",617,0
"Apr 6, 2022",617,0
"Apr 7, 2022",617,0
"Apr 8, 2022",617,0
"Apr 9, 2022",617,0
"Apr 10, 2022",617,0
"Apr 11, 2022",617,0
"Apr 12, 2022",617,0
"Apr 13, 2022",617,0
"Apr 14, 2022",617,0
"Apr 15, 2022",617,0
"Apr 16, 2022",617,0
"Apr 17, 2022",617,0
"Apr 18, 2022",617,0
"Apr 19, 2022",617,0
"Apr 20, 2022",617,0
"Apr 21, 2022",617,0
"Apr 22, 2022",617,0
"Apr 23, 2022",617,0
"Apr 24, 2022",617,0
"Apr 25, 2022",617,0
"Apr 26, 2022",617,0
"Apr 27, 2022",617,0
"Apr 28, 2022",617,0
"Apr 29, 2022",617,0
"Apr 30, 2022",617,0
"May 1, 2022",617,0
"May 2, 2022",617,0
"May 3, 2022",617,0
"May 4, 2022",617,0
"May 5, 2022",617,0
"May 6, 2022",617,0
"May 7, 2022",617,0
"May 8, 2022",617,0
"May 9, 2022",617,0
"May 10, 2022",617,0
"May 11, 2022",617,0
"May 12, 2022",617,0
"May 13, 2022",617,0
"May 14, 2022",617,0
"May 15, 2022",617,0
"May 16, 2022",617,0
"May 17, 2022",617,0
"May 18, 2022",617,0
"May 19, 2022",617,0
"May 20, 2022",617,0
"May 21, 2022",617,0
"May 22, 2022",617,0
"May 23, 2022",617,0
"May 24, 2022",617,0
"May 25, 2022",617,0
"May 26, 2022",617,0
"May 27, 2022",617,0
"May 28, 2022",617,0
"May 29, 2022",617,0
"May 30, 2022",617,0
"May 31, 2022",617,0
"Jun 1, 2022",617,0
"Jun 2, 2022",617,0
"Jun 3, 2022",617,0
"Jun 4, 2022",617,0
"Jun 5, 2022",617,0
"Jun 6, 2022",617,0
"Jun 7, 2022",617,0
"Jun 8, 2022",617,0
"Jun 9, 2022",617,0
"Jun 10, 2022",617,0
"Jun 11, 2022",617,0
"Jun 12, 2022",617,0
"Jun 13, 2022",617,0
"Jun 14, 2022",617,0
"Jun 15, 2022",617,0
"Jun 16, 2022",617,0
"Jun 17, 2022",617,0
"Jun 18, 2022",617,0
"Jun 19, 2022",617,0
"Jun 20, 2022",617,0
"Jun 21, 2022",617,0
"Jun 22, 2022",617,0
"Jun 23, 2022",617,0
"Jun 24, 2022",617,0
"Jun 25, 2022",617,0
"Jun 26, 2022",617,0
"Jun 27, 2022",617,0
"Jun 28, 2022",617,0
"Jun 29, 2022",617,0
"Jun 30, 2022",617,0
"Jul 1, 2022",617,0
"Jul 2, 2022",617,0
"Jul 3, 2022",617,0
"Jul 4, 2022",617,0
"Jul 5, 2022",617,0
"Jul 6, 2022",617,0
"Jul 7, 2022",617,0
"Jul 8, 2022",617,0
"Jul 9, 2022",617,0
"Jul 10, 2022",617,0
"Jul 11, 2022",617,0
"Jul 12, 2022",617,0
"Jul 13, 2022",617,0
"Jul 14, 2022",617,0
"Jul 15, 2022",617,0
"Jul 16, 2022",617,0
"Jul 17, 2022",617,0
"Jul 18, 2022",617,0
"Jul 19, 2022",617,0
"Jul 20, 2022",617,0
"Jul 21, 2022",617,0
"Jul 22, 2022",617,0
"Jul 23, 2022",617,0
"Jul 24, 2022",617,0
"Jul 25, 2022",617,0
"Jul 26, 2022",617,0
"Jul 27, 2022",617,0
"Jul 28, 2022",617,0
"Jul 29, 2022",617,0
"Jul 30, 2022",617,0
"Jul 31, 2022",617,0
"Aug 1, 2022",617,0
"Aug 2, 2022",617,0
"Aug 3, 2022",617,0
"Aug 4, 2022",617,0
"Aug 5, 2022",617,0
"Aug 6, 2022",617,0
"Aug 7, 2022",617,0
"Aug 8, 2022",617,0
"Aug 9, 2022",617,0
"Aug 10, 2022",617,0
"Aug 11, 2022",617,0
"Aug 12, 2022",617,0
"Aug 13, 2022",617,0
"Aug 14, 2022",617,0
"Aug 15, 2022",617,0
"Aug 16, 2022",617,0
"Aug 17, 2022",617,0
"Aug 18, 2022",617,0
"Aug 19, 2022",617,0
"Aug 20, 2022",617,0
"Aug 21, 2022",617,0
"Aug 22, 2022",617,0
"Aug 23, 2022",617,0
"Aug 24, 2022",617,0
"Aug 25, 2022",617,0
"Aug 26, 2022",617,0
"Aug 27, 2022",617,0
"Aug 28, 2022",617,0
"Aug 29, 2022",617,0
"Aug 30, 2022",617,0
"Aug 31, 2022",617,0
"Sep 1, 2022",617,0
"Sep 2, 2022",617,0
"Sep 3, 2022",617,0
"Sep 4, 2022",617,0
"Sep 5, 2022",617,0
"Sep 6, 2022",617,0
"Sep 7, 2022",617,0
"Sep 8, 2022",617,0
"Sep 9, 2022",617,0
"Sep 10, 2022",617,0
"Sep 11, 2022",617,0
"Sep 12, 2022",617,0
"Sep 13, 2022",617,0
"Sep 14, 2022",617,0
"Sep 15, 2022",617,0
"Sep 16, 2022",617,0
"Sep 17, 2022",617,0
"Sep 18, 2022",617,0
"Sep 19, 2022",617,0
"Sep 20, 2022",617,0
"Sep 21, 2022",617,0
"Sep 22, 2022",617,0
"Sep 23, 2022",617,0
"Sep 24, 2022",617,0
"Sep 25, 2022",617,0
"Sep 26, 2022",617,0
"Sep 27, 2022",617,0
"Sep 28, 2022",617,0
"Sep 29, 2022",617,0
"Sep 30, 2022",617,0
"Oct 1, 2022",617,0
"Oct 2, 2022",617,0
"Oct 3, 2022",617,0
"Oct 4, 2022",617,0
"Oct 5, 2022",617,0
"Oct 6, 2022",617,0
"Oct 7, 2022",617,0
"Oct 8, 2022",617,0
"Oct 9, 2022",617,0
"Oct 10, 2022",617,0
"Oct 11, 2022",617,0
"Oct 12, 2022",617,0
"Oct 13, 2022",617,0
"Oct 14, 2022",617,0
"Oct 15, 2022",617,0
"Oct 16, 2022",617,0
"Oct 17, 2022",617,0
"Oct 18, 2022",617,0
"Oct 19, 2022",617,0
"Oct 20, 2022",617,0
"Oct 21, 2022",617,0
"Oct 22, 2022",617,0
"Oct 23, 2022",617,0
"Oct 24, 2022",617,0
"Oct 25, 2022",617,0
"Oct 26, 2022",617,0
"Oct 27, 2022",617,0
"Oct 28, 2022",617,0
"Oct 29, 2022",617,0
"Oct 30, 2022",617,0
"Oct 31, 2022",617,0
"Nov 1, 2022",617,0
"Nov 2, 2022",617,0
"Nov 3, 2022",617,0
"Nov 4, 2022",617,0
"Nov 5, 2022",617,0
"Nov 6, 2022",617,0
"Nov 7, 2022",617,0
"Nov 8, 2022",617,0
"Nov 9, 2022",617,0
"Nov 10, 2022",617,0
"Nov 11, 2022",617,0
"Nov 12, 2022",617,0
"Nov 13, 2022",617,0
"Nov 14, 2022",617,0
"Nov 15, 2022",617,0
"Nov 16, 2022",617,0
"Nov 17, 2022",617,0
"Nov 18, 2022",617,0
"Nov 19, 2022",617,0
"Nov 20, 2022",617,0
"Nov 21, 2022",617,0
"Nov 22, 2022",617,0
"Nov 23, 2022",617,0
"Nov 24, 2022",617,0
"Nov 25, 2022",617,0
"Nov 26, 2022",617,0
"Nov 27, 2022",617,0
"Nov 28, 2022",617,0
"Nov 29, 2022",617,0
"Nov 30, 2022",617,0
"Dec 1, 2022",617,0
"Dec 2, 2022",617,0
"Dec 3, 2022",617,0
"Dec 4, 2022",617,0
"Dec 5, 2022",617,0
"Dec 6, 2022",617,0
"Dec 7, 2022",617,0
"Dec 8, 2022",617,0
"Dec 9, 2022",617,0
"Dec 10, 2022",617,0
"Dec 11, 2022",617,0
"Dec 12, 2022",617,0
"Dec 13, 2022",617,0
"Dec 14, 2022",617,0
"Dec 15, 2022",617,0
"Dec 16, 2022",617,0
"Dec 17, 2022",617,0
"Dec 18, 2022",617,0
"Dec 19, 2022",617,0
"Dec 20, 2022",617,0
"Dec 21, 2022",617,0
"Dec 22, 2022",617,0
"Dec 23, 2022",617,0
"Dec 24, 2022",617,0
"Dec 25, 2022",617,0
"Dec 26, 2022",617,0
"Dec 27, 2022",617,0
"Dec 28, 2022",617,0
"Dec 29, 2022",617,0
"Dec 30, 2022",617,0
"Dec 31, 2022",617,0
"Jan 1, 2023",617,0
"Jan 2, 2023",617,0
"Jan 3, 2023",617,0
"Jan 4, 2023",617,0
"Jan 5, 2023",617,0
"Jan 6, 2023",617,0
"Jan 7, 2023",617,0
"Jan 8, 2023",617,0
"Jan 9, 2023",617,0
"Jan 10, 2023",617,0
"Jan 11, 2023",617,0
"Jan 12, 2023",617,0
"Jan 13, 2023",617,0
"Jan 14, 2023",617,0
"Jan 15, 2023",617,0
"Jan 16, 2023",617,0
"Jan 17, 2023",617,0
"Jan 18, 2023",617,0
"Jan 19, 2023",617,0
"Jan 20, 2023",617,0
"Jan 21, 2023",617,0
"Jan 22, 2023",617,0
"Jan 23, 2023",617,0
"Jan 24, 2023",617,0
"Jan 25, 2023",617,0
"Jan 26, 2023",617,0
"Jan 27, 2023",617,0
"Jan 28, 2023",617,0
"Jan 29, 2023",617,0
"Jan 30, 2023",617,0
"Jan 31, 2023",617,0
"Feb 1, 2023",617,0
"Feb 2, 2023",617,0
"Feb 3, 2023",617,0
"Feb 4, 2023",617,0
"Feb 5, 2023",617,0
"Feb 6, 2023",617,0
"Feb 7, 2023",617,0
"Feb 8, 2023",617,0
"Feb 9, 2023",616,-1
"Feb 10, 2023",616,0
"Feb 11, 2023",616,0
"Feb 12, 2023",616,0
"Feb 13, 2023",616,0
"Feb 14, 2023",616,0
"Feb 15, 2023",616,0
"Feb 16, 2023",616,0
"Feb 17, 2023",616,0
"Feb 18, 2023",616,0
"Feb 19, 2023",616,0
"Feb 20, 2023",616,0
"Feb 21, 2023",616,0
"Feb 22, 2023",616,0
"Feb 23, 2023",616,0
"Feb 24, 2023",616,0
"Feb 25, 2023",616,0
"Feb 26, 2023",616,0
"Feb 27, 2023",616,0
"Feb 28, 2023",616,0
"Mar 1, 2023",616,0
"Mar 2, 2023",616,0
"Mar 3, 2023",616,0
"Mar 4, 2023",616,0
"Mar 5, 2023",616,0
"Mar 6, 2023",616,0
"Mar 7, 2023",616,0
"Mar 8, 2023",616,0
"Mar 9, 2023",616,0
"Mar 10, 2023",616,0
"Mar 11, 2023",616,0
"Mar 12, 2023",616,0
"Mar 13, 2023",616,0
"Mar 14, 2023",616,0
"Mar 15, 2023",616,0
"Mar 16, 2023",616,0
"Mar 17, 2023",616,0
"Mar 18, 2023",616,0
"Mar 19, 2023",616,0
"Mar 20, 2023",616,0
"Mar 21, 2023",616,0
"Mar 22, 2023",616,0
"Mar 23, 2023",616,0
"Mar 24, 2023",616,0
"Mar 25, 2023",616,0
"Mar 26, 2023",616,0
"Mar 27, 2023",616,0
"Mar 28, 2023",616,0
"Mar 29, 2023",616,0
"Mar 30, 2023",616,0
"Mar 31, 2023",616,0
"Apr 1, 2023",616,0
"Apr 2, 2023",616,0
"Apr 3, 2023",616,0
"Apr 4, 2023",616,0
"Apr 5, 2023",616,0
"Apr 6, 2023",616,0
"Apr 7, 2023",616,0
"Apr 8, 2023",616,0
"Apr 9, 2023",616,0
"Apr 10, 2023",616,0
"Apr 11, 2023",616,0
"Apr 12, 2023",616,0
"Apr 13, 2023",616,0
"Apr 14, 2023",616,0
"Apr 15, 2023",616,0
"Apr 16, 2023",616,0
"Apr 17, 2023",616,0
"Apr 18, 2023",616,0
"Apr 19, 2023",616,0
"Apr 20, 2023",616,0
"Apr 21, 2023",616,0
"Apr 22, 2023",616,0
"Apr 23, 2023",616,0
"Apr 24, 2023",616,0
"Apr 25, 2023",616,0
"Apr 26, 2023",616,0
"Apr 27, 2023",616,0
"Apr 28, 2023",616,0
"Apr 29, 2023",616,0
"Apr 30, 2023",616,0
"May 1, 2023",616,0
"May 2, 2023",616,0
"May 3, 2023",616,0
"May 4, 2023",616,0
"May 5, 2023",616,0
"May 6, 2023",616,0
"May 7, 2023",616,0
"May 8, 2023",616,0
"May 9, 2023",616,0
"May 10, 2023",616,0
"May 11, 2023",616,0
"May 12, 2023",616,0
"May 13, 2023",616,0
"May 14, 2023",616,0
"May 15, 2023",616,0
"May 16, 2023",616,0
"May 17, 2023",616,0
"May 18, 2023",616,0
"May 19, 2023",616,0
"May 20, 2023",616,0
"May 21, 2023",616,0
"May 22, 2023",616,0
"May 23, 2023",616,0
"May 24, 2023",616,0
"May 25, 2023",616,0
"May 26, 2023",616,0
"May 27, 2023",616,0
"May 28, 2023",616,0
"May 29, 2023",616,0
"May 30, 2023",616,0
"May 31, 2023",616,0
"Jun 1, 2023",616,0
"Jun 2, 2023",616,0
"Jun 3, 2023",616,0
"Jun 4, 2023",616,0
"Jun 5, 2023",616,0
"Jun 6, 2023",616,0
"Jun 7, 2023",616,0
"Jun 8, 2023",616,0
"Jun 9, 2023",616,0
"Jun 10, 2023",616,0
"Jun 11, 2023",616,0
"Jun 12, 2023",616,0
"Jun 13, 2023",616,0
"Jun 14, 2023",616,0
"Jun 15, 2023",616,0
"Jun 16, 2023",616,0
"Jun 17, 2023",616,0
"Jun 18, 2023",616,0
"Jun 19, 2023",616,0
"Jun 20, 2023",616,0
"Jun 21, 2023",616,0
"Jun 22, 2023",616,0
"Jun 23, 2023",616,0
"Jun 24, 2023",616,0
"Jun 25, 2023",616,0
"Jun 26, 2023",616,0
"Jun 27, 2023",616,0
"Jun 28, 2023",616,0
"Jun 29, 2023",616,0
"Jun 30, 2023",616,0
"Jul 1, 2023",616,0
"Jul 2, 2023",616,0
"Jul 3, 2023",616,0
"Jul 4, 2023",617,1
"Jul 5, 2023",617,0
"Jul 6, 2023",617,0
"Jul 7, 2023",617,0
"Jul 8, 2023",617,0
"Jul 9, 2023",617,0
"Jul 10, 2023",617,0
"Jul 11, 2023",617,0
"Jul 12, 2023",617,0
"Jul 13, 2023",617,0
"Jul 14, 2023",617,0
"Jul 15, 2023",617,0
"Jul 16, 2023",617,0
"Jul 17, 2023",617,0
"Jul 18, 2023",617,0
"Jul 19, 2023",617,0
"Jul 20, 2023",617,0
"Jul 21, 2023",617,0
"Jul 22, 2023",617,0
"Jul 23, 2023",617,0
"Jul 24, 2023",617,0
"Jul 25, 2023",617,0
"Jul 26, 2023",617,0
"Jul 27, 2023",617,0
"Jul 28, 2023",617,0
"Jul 29, 2023",617,0
"Jul 30, 2023",617,0
"Jul 31, 2023",617,0
"Aug 1, 2023",617,0
"Aug 2, 2023",617,0
"Aug 3, 2023",617,0
"Aug 4, 2023",617,0
"Aug 5, 2023",617,0
"Aug 6, 2023",617,0
"Aug 7, 2023",617,0
"Aug 8, 2023",617,0
"Aug 9, 2023",617,0
"Aug 10, 2023",617,0
"Aug 11, 2023",617,0
"Aug 12, 2023",617,0
"Aug 13, 2023",617,0
"Aug 14, 2023",617,0
"Aug 15, 2023",617,0
"Aug 16, 2023",617,0
"Aug 17, 2023",617,0
"Aug 18, 2023",617,0
"Aug 19, 2023",617,0
"Aug 20, 2023",617,0
"Aug 21, 2023",617,0
"Aug 22, 2023",617,0
"Aug 23, 2023",617,0
"Aug 24, 2023",617,0
"Aug 25, 2023",617,0
"Aug 26, 2023",617,0
"Aug 27, 2023",617,0
"Aug 28, 2023",617,0
"Aug 29, 2023",617,0
"Aug 30, 2023",617,0
"Aug 31, 2023",617,0
"Sep 1, 2023",617,0
"Sep 2, 2023",617,0
"Sep 3, 2023",617,0
"Sep 4, 2023",617,0
"Sep 5, 2023",617,0
"Sep 6, 2023",617,0
"Sep 7, 2023",617,0
"Sep 8, 2023",617,0
"Sep 9, 2023",617,0
"Sep 10, 2023",617,0
"Sep 11, 2023",617,0
"Sep 12, 2023",617,0
"Sep 13, 2023",617,0
"Sep 14, 2023",617,0
"Sep 15, 2023",617,0
"Sep 16, 2023",617,0
"Sep 17, 2023",617,0
"Sep 18, 2023",617,0
"Sep 19, 2023",617,0
"Sep 20, 2023",617,0
"Sep 21, 2023",617,0
"Sep 22, 2023",617,0
"Sep 23, 2023",617,0
"Sep 24, 2023",617,0
"Sep 25, 2023",617,0
"Sep 26, 2023",617,0
"Sep 27, 2023",617,0
"Sep 28, 2023",617,0
"Sep 29, 2023",617,0
"Sep 30, 2023",617,0
"Oct 1, 2023",617,0
"Oct 2, 2023",617,0
"Oct 3, 2023",618,1
"Oct 4, 2023",618,0
"Oct 5, 2023",618,0
"Oct 6, 2023",618,0
"Oct 7, 2023",618,0
"Oct 8, 2023",618,0
"Oct 9, 2023",618,0
"Oct 10, 2023",618,0
"Oct 11, 2023",618,0
"Oct 12, 2023",618,0
"Oct 13, 2023",618,0
"Oct 14, 2023",618,0
"Oct 15, 2023",618,0
"Oct 16, 2023",618,0
"Oct 17, 2023",618,0
"Oct 18, 2023",618,0
"Oct 19, 2023",618,0
"Oct 20, 2023",618,0
"Oct 21, 2023",618,0
"Oct 22, 2023",618,0
"Oct 23, 2023",618,0
"Oct 24, 2023",618,0
"Oct 25, 2023",618,0
"Oct 26, 2023",618,0
"Oct 27, 2023",618,0
"Oct 28, 2023",618,0
"Oct 29, 2023",618,0
"Oct 30, 2023",618,0
"Oct 31, 2023",618,0
"Nov 1, 2023",618,0
"Nov 2, 2023",618,0
"Nov 3, 2023",618,0
"Nov 4, 2023",618,0
"Nov 5, 2023",618,0
"Nov 6, 2023",618,0
"Nov 7, 2023",618,0
"Nov 8, 2023",618,0
"Nov 9, 2023",618,0
"Nov 10, 2023",618,0
"Nov 11, 2023",618,0
"Nov 12, 2023",618,0
"Nov 13, 2023",618,0
"Nov 14, 2023",618,0
"Nov 15, 2023",618,0
"Nov 16, 2023",618,0
"Nov 17, 2023",618,0
"Nov 18, 2023",618,0
"Nov 19, 2023",618,0
"Nov 20, 2023",618,0
"Nov 21, 2023",618,0
"Nov 22, 2023",618,0
"Nov 23, 2023",618,0
"Nov 24, 2023",618,0
"Nov 25, 2023",618,0
"Nov 26, 2023",618,0
"Nov 27, 2023",618,0
"Nov 28, 2023",618,0
"Nov 29, 2023",618,0
"Nov 30, 2023",618,0
"Dec 1, 2023",618,0
"Dec 2, 2023",618,0
"Dec 3, 2023",618,0
"Dec 4, 2023",618,0
"Dec 5, 2023",618,0
"Dec 6, 2023",618,0
"Dec 7, 2023",618,0
"Dec 8, 2023",618,0
"Dec 9, 2023",618,0
"Dec 10, 2023",618,0
"Dec 11, 2023",618,0
"Dec 12, 2023",618,0
"Dec 13, 2023",618,0
"Dec 14, 2023",618,0
"Dec 15, 2023",618,0
"Dec 16, 2023",618,0
"Dec 17, 2023",617,-1
"Dec 18, 2023",617,0
"Dec 19, 2023",617,0
"Dec 20, 2023",617,0
"Dec 21, 2023",617,0
"Dec 22, 2023",617,0
"Dec 23, 2023",617,0
"Dec 24, 2023",617,0
"Dec 25, 2023",617,0
"Dec 26, 2023",617,0
"Dec 27, 2023",617,0
"Dec 28, 2023",617,0
"Dec 29, 2023",617,0
"Dec 30, 2023",617,0
"Dec 31, 2023",617,0
"Jan 1, 2024",617,0
"Jan 2, 2024",617,0
"Jan 3, 2024",617,0
"Jan 4, 2024",617,0
"Jan 5, 2024",617,0
"Jan 6, 2024",617,0
"Jan 7, 2024",617,0
"Jan 8, 2024",617,0
"Jan 9, 2024",617,0
"Jan 10, 2024",617,0
"Jan 11, 2024",617,0
"Jan 12, 2024",617,0
"Jan 13, 2024",617,0
"Jan 14, 2024",617,0
"Jan 15, 2024",617,0
"Jan 16, 2024",617,0
"Jan 17, 2024",617,0
"Jan 18, 2024",617,0
"Jan 19, 2024",617,0
"Jan 20, 2024",617,0
"Jan 21, 2024",617,0
"Jan 22, 2024",617,0
"Jan 23, 2024",617,0
"Jan 24, 2024",617,0
"Jan 25, 2024",617,0
"Jan 26, 2024",617,0
"Jan 27, 2024",617,0
"Jan 28, 2024",617,0
"Jan 29, 2024",617,0
"Jan 30, 2024",617,0
"Jan 31, 2024",617,0
"Feb 1, 2024",617,0
"Feb 2, 2024",617,0
"Feb 3, 2024",617,0
"Feb 4, 2024",617,0
"Feb 5, 2024",617,0
"Feb 6, 2024",617,0
"Feb 7, 2024",617,0
"Feb 8, 2024",617,0
"Feb 9, 2024",617,0
"Feb 10, 2024",617,0
"Feb 11, 2024",617,0
"Feb 12, 2024",617,0
"Feb 13, 2024",617,0
"Feb 14, 2024",617,0
"Feb 15, 2024",617,0
"Feb 16, 2024",617,0
"Feb 17, 2024",617,0
"Feb 18, 2024",617,0
"Feb 19, 2024",617,0
"Feb 20, 2024",617,0
"Feb 21, 2024",617,0
"Feb 22, 2024",617,0
"Feb 23, 2024",617,0
"Feb 24, 2024",617,0
"Feb 25, 2024",617,0
"Feb 26, 2024",617,0
"Feb 27, 2024",617,0
"Feb 28, 2024",617,0
"Feb 29, 2024",617,0
"Mar 1, 2024",617,0
"Mar 2, 2024",617,0
"Mar 3, 2024",617,0
"Mar 4, 2024",617,0
"Mar 5, 2024",617,0
"Mar 6, 2024",617,0
"Mar 7, 2024",617,0
"Mar 8, 2024",617,0
"Mar 9, 2024",617,0
"Mar 10, 2024",617,0
"Mar 11, 2024",617,0
"Mar 12, 2024",617,0
"Mar 13, 2024",617,0
"Mar 14, 2024",617,0
"Mar 15, 2024",617,0
"Mar 16, 2024",617,0
"Mar 17, 2024",617,0
"Mar 18, 2024",617,0
"Mar 19, 2024",617,0
"Mar 20, 2024",617,0
"Mar 21, 2024",617,0
"Mar 22, 2024",617,0
"Mar 23, 2024",617,0
"Mar 24, 2024",617,0
"Mar 25, 2024",617,0
"Mar 26, 2024",617,0
"Mar 27, 2024",617,0
"Mar 28, 2024",617,0
"Mar 29, 2024",617,0
"Mar 30, 2024",617,0
"Mar 31, 2024",617,0
"Apr 1, 2024",617,0
"Apr 2, 2024",617,0
"Apr 3, 2024",617,0
"Apr 4, 2024",617,0
"Apr 5, 2024",617,0
"Apr 6, 2024",617,0
"Apr 7, 2024",617,0
"Apr 8, 2024",617,0
"Apr 9, 2024",617,0
"Apr 10, 2024",617,0
"Apr 11, 2024",617,0
"Apr 12, 2024",617,0
"Apr 13, 2024",617,0
"Apr 14, 2024",617,0
"Apr 15, 2024",617,0
"Apr 16, 2024",617,0
"Apr 17, 2024",617,0
"Apr 18, 2024",617,0
"Apr 19, 2024",617,0
"Apr 20, 2024",617,0
"Apr 21, 2024",617,0
"Apr 22, 2024",617,0
"Apr 23, 2024",617,0
"Apr 24, 2024",617,0
"Apr 25, 2024",617,0
"Apr 26, 2024",617,0
"Apr 27, 2024",617,0
"Apr 28, 2024",617,0
"Apr 29, 2024",617,0
"Apr 30, 2024",617,0
"May 1, 2024",617,0
"May 2, 2024",617,0
"May 3, 2024",617,0
"May 4, 2024",617,0
"May 5, 2024",617,0
"May 6, 2024",617,0
"May 7, 2024",617,0
"May 8, 2024",617,0
"May 9, 2024",617,0
"May 10, 2024",617,0
"May 11, 2024",617,0
"May 12, 2024",617,0
"May 13, 2024",617,0
"May 14, 2024",617,0
"May 15, 2024",617,0
"May 16, 2024",617,0
"May 17, 2024",617,0
"May 18, 2024",617,0
"May 19, 2024",617,0
"May 20, 2024",617,0
"May 21, 2024",617,0
"May 22, 2024",617,0
"May 23, 2024",617,0
"May 24, 2024",617,0
"May 25, 2024",617,0
"May 26, 2024",617,0
"May 27, 2024",617,0
"May 28, 2024",617,0
"May 29, 2024",617,0
"May 30, 2024",617,0
"May 31, 2024",617,0
"Jun 1, 2024",617,0
"Jun 2, 2024",617,0
"Jun 3, 2024",617,0
"Jun 4, 2024",617,0
"Jun 5, 2024",617,0
"Jun 6, 2024",617,0
"Jun 7, 2024",617,0
"Jun 8, 2024",617,0
"Jun 9, 2024",617,0
"Jun 10, 2024",617,0
"Jun 11, 2024",617,0
"Jun 12, 2024",617,0
"Jun 13, 2024",617,0
"Jun 14, 2024",617,0
"Jun 15, 2024",617,0
"Jun 16, 2024",617,0
"Jun 17, 2024",617,0
"Jun 18, 2024",617,0
"Jun 19, 2024",617,0
"Jun 20, 2024",617,0
"Jun 21, 2024",616,-1
"Jun 22, 2024",616,0
"Jun 23, 2024",616,0
"Jun 24, 2024",616,0
"Jun 25, 2024",616,0
"Jun 26, 2024",616,0
"Jun 27, 2024",616,0
"Jun 28, 2024",616,0
"Jun 29, 2024",616,0
"Jun 30, 2024",616,0
"Jul 1, 2024",616,0
"Jul 2, 2024",616,0
"Jul 3, 2024",616,0
"Jul 4, 2024",616,0
"Jul 5, 2024",616,0
"Jul 6, 2024",616,0
"Jul 7, 2024",616,0
"Jul 8, 2024",616,0
"Jul 9, 2024",616,0
"Jul 10, 2024",616,0
"Jul 11, 2024",616,0
"Jul 12, 2024",616,0
"Jul 13, 2024",616,0
"Jul 14, 2024",616,0
"Jul 15, 2024",616,0
"Jul 16, 2024",616,0
"Jul 17, 2024",616,0
"Jul 18, 2024",616,0
"Jul 19, 2024",616,0
"Jul 20, 2024",616,0
"Jul 21, 2024",616,0
"Jul 22, 2024",616,0
"Jul 23, 2024",616,0
"Jul 24, 2024",616,0
"Jul 25, 2024",616,0
"Jul 26, 2024",616,0
"Jul 27, 2024",616,0
"Jul 28, 2024",616,0
"Jul 29, 2024",616,0
"Jul 30, 2024",616,0
"Jul 31, 2024",616,0
"Aug 1, 2024",616,0
"Aug 2, 2024",616,0
"Aug 3, 2024",616,0
"Aug 4, 2024",616,0
"Aug 5, 2024",616,0
"Aug 6, 2024",616,0
"Aug 7, 2024",616,0
"Aug 8, 2024",616,0
"Aug 9, 2024",616,0
"Aug 10, 2024",616,0
"Aug 11, 2024",616,0
"Aug 12, 2024",616,0
"Aug 13, 2024",616,0
"Aug 14, 2024",616,0
"Aug 15, 2024",616,0
"Aug 16, 2024",616,0
"Aug 17, 2024",616,0
"Aug 18, 2024",616,0
"Aug 19, 2024",616,0
"Aug 20, 2024",616,0
"Aug 21, 2024",616,0
"Aug 22, 2024",616,0
"Aug 23, 2024",616,0
"Aug 24, 2024",616,0
"Aug 25, 2024",616,0
"Aug 26, 2024",616,0
"Aug 27, 2024",616,0
"Aug 28, 2024",616,0
"Aug 29, 2024",616,0
"Aug 30, 2024",616,0
"Aug 31, 2024",616,0
"Sep 1, 2024",616,0
"Sep 2, 2024",617,1
"Sep 3, 2024",617,0
"Sep 4, 2024",617,0
"Sep 5, 2024",617,0
"Sep 6, 2024",617,0
"Sep 7, 2024",617,0
"Sep 8, 2024",617,0
"Sep 9, 2024",617,0
"Sep 10, 2024",617,0
"Sep 11, 2024",617,0
"Sep 12, 2024",617,0
"Sep 13, 2024",617,0
"Sep 14, 2024",617,0
"Sep 15, 2024",617,0
"Sep 16, 2024",617,0
"Sep 17, 2024",617,0
"Sep 18, 2024",617,0
"Sep 19, 2024",617,0
"Sep 20, 2024",617,0
"Sep 21, 2024",617,0
"Sep 22, 2024",617,0
"Sep 23, 2024",617,0
"Sep 24, 2024",617,0
"Sep 25, 2024",617,0
"Sep 26, 2024",617,0
"Sep 27, 2024",617,0
"Sep 28, 2024",617,0
"Sep 29, 2024",617,0
"Sep 30, 2024",617,0
"Oct 1, 2024",617,0
"Oct 2, 2024",617,0
"Oct 3, 2024",617,0
"Oct 4, 2024",617,0
"Oct 5, 2024",617,0
"Oct 6, 2024",617,0
"Oct 7, 2024",616,-1
"Oct 8, 2024",616,0
"Oct 9, 2024",616,0
"Oct 10, 2024",616,0
"Oct 11, 2024",616,0
"Oct 12, 2024",616,0
"Oct 13, 2024",616,0
"Oct 14, 2024",616,0
"Oct 15, 2024",616,0
"Oct 16, 2024",616,0
"Oct 17, 2024",616,0
"Oct 18, 2024",616,0
"Oct 19, 2024",616,0
"Oct 20, 2024",616,0
"Oct 21, 2024",616,0
"Oct 22, 2024",616,0
"Oct 23, 2024",616,0
"Oct 24, 2024",616,0
"Oct 25, 2024",616,0
"Oct 26, 2024",616,0
"Oct 27, 2024",616,0
"Oct 28, 2024",616,0
"Oct 29, 2024",616,0
"Oct 30, 2024",616,0
"Oct 31, 2024",616,0
"Nov 1, 2024",616,0
"Nov 2, 2024",616,0
"Nov 3, 2024",616,0
"Nov 4, 2024",616,0
"Nov 5, 2024",616,0
"Nov 6, 2024",616,0
"Nov 7, 2024",616,0
"Nov 8, 2024",616,0
"Nov 9, 2024",616,0
"Nov 10, 2024",616,0
"Nov 11, 2024",616,0
"Nov 12, 2024",616,0
"Nov 13, 2024",616,0
"Nov 14, 2024",616,0
"Nov 15, 2024",616,0
"Nov 16, 2024",616,0
"Nov 17, 2024",616,0
"Nov 18, 2024",616,0
"Nov 19, 2024",616,0
"Nov 20, 2024",616,0
"Nov 21, 2024",616,0
"Nov 22, 2024",616,0
"Nov 23, 2024",616,0
"Nov 24, 2024",616,0
"Nov 25, 2024",616,0
"Nov 26, 2024",616,0
"Nov 27, 2024",616,0
"Nov 28, 2024",616,0
"Nov 29, 2024",616,0
"Nov 30, 2024",616,0
"Dec 1, 2024",616,0
"Dec 2, 2024",616,0
"Dec 3, 2024",616,0
"Dec 4, 2024",616,0
"Dec 5, 2024",616,0
"Dec 6, 2024",616,0
"Dec 7, 2024",616,0
"Dec 8, 2024",616,0
"Dec 9, 2024",616,0
"Dec 10, 2024",616,0
"Dec 11, 2024",616,0
"Dec 12, 2024",616,0
"Dec 13, 2024",616,0
"Dec 14, 2024",616,0
"Dec 15, 2024",616,0
"Dec 16, 2024",616,0
"Dec 17, 2024",616,0
"Dec 18, 2024",616,0
"Dec 19, 2024",616,0
"Dec 20, 2024",616,0
"Dec 21, 2024",616,0
"Dec 22, 2024",616,0
"Dec 23, 2024",616,0
"Dec 24, 2024",616,0
"Dec 25, 2024",616,0
"Dec 26, 2024",616,0
"Dec 27, 2024",616,0
"Dec 28, 2024",616,0
"Dec 29, 2024",616,0
"Dec 30, 2024",616,0
"Dec 31, 2024",616,0
"Jan 1, 2025",616,0
"Jan 2, 2025",616,0
"Jan 3, 2025",616,0
"Jan 4, 2025",616,0
"Jan 5, 2025",616,0
"Jan 6, 2025",616,0
"Jan 7, 2025",616,0
"Jan 8, 2025",616,0
"Jan 9, 2025",616,0
"Jan 10, 2025",616,0
"Jan 11, 2025",616,0
"Jan 12, 2025",616,0
"Jan 13, 2025",616,0
"Jan 14, 2025",616,0
"Jan 15, 2025",616,0
"Jan 16, 2025",616,0
"Jan 17, 2025",616,0
"Jan 18, 2025",616,0
"Jan 19, 2025",616,0
"Jan 20, 2025",616,0
"Jan 21, 2025",616,0
"Jan 22, 2025",616,0
"Jan 23, 2025",616,0
"Jan 24, 2025",616,0
"Jan 25, 2025",616,0
"Jan 26, 2025",616,0
"Jan 27, 2025",616,0
"Jan 28, 2025",616,0
"Jan 29, 2025",616,0
"Jan 30, 2025",616,0
"Jan 31, 2025",616,0
"Feb 1, 2025",616,0
"Feb 2, 2025",616,0
"Feb 3, 2025",616,0
"Feb 4, 2025",616,0
"Feb 5, 2025",616,0
"Feb 6, 2025",616,0
"Feb 7, 2025",616,0
"Feb 8, 2025",616,0
"Feb 9, 2025",616,0
"Feb 10, 2025",616,0
"Feb 11, 2025",617,1
"Feb 12, 2025",617,0
"Feb 13, 2025",617,0
"Feb 14, 2025",617,0
"Feb 15, 2025",617,0
"Feb 16, 2025",617,0
"Feb 17, 2025",617,0
"Feb 18, 2025",617,0
"Feb 19, 2025",617,0
"Feb 20, 2025",617,0
"Feb 21, 2025",617,0
"Feb 22, 2025",617,0
"Feb 23, 2025",617,0
"Feb 24, 2025",617,0
"Feb 25, 2025",617,0
"Feb 26, 2025",617,0
"Feb 27, 2025",617,0
"Feb 28, 2025",617,0
"Mar 1, 2025",617,0
"Mar 2, 2025",617,0
"Mar 3, 2025",617,0
"Mar 4, 2025",617,0
"Mar 5, 2025",617,0
"Mar 6, 2025",617,0
"Mar 7, 2025",617,0
"Mar 8, 2025",617,0
"Mar 9, 2025",617,0
"Mar 10, 2025",617,0
"Mar 11, 2025",617,0
"Mar 12, 2025",617,0
"Mar 13, 2025",617,0
"Mar 14, 2025",617,0
"Mar 15, 2025",617,0
"Mar 16, 2025",617,0
"Mar 17, 2025",617,0
"Mar 18, 2025",617,0
"Mar 19, 2025",617,0
"Mar 20, 2025",617,0
"Mar 21, 2025",617,0
"Mar 22, 2025",617,0
"Mar 23, 2025",617,0
"Mar 24, 2025",617,0
"Mar 25, 2025",617,0
"Mar 26, 2025",618,1
"Mar 27, 2025",618,0
"Mar 28, 2025",618,0
"Mar 29, 2025",618,0
"Mar 30, 2025",618,0
"Mar 31, 2025",618,0
"Apr 1, 2025",618,0
"Apr 2, 2025",618,0
"Apr 3, 2025",618,0
"Apr 4, 2025",618,0
"Apr 5, 2025",618,0
"Apr 6, 2025",618,0
"Apr 7, 2025",618,0
"Apr 8, 2025",618,0
"Apr 9, 2025",618,0
"Apr 10, 2025",618,0
"Apr 11, 2025",618,0
"Apr 12, 2025",618,0
"Apr 13, 2025",618,0
"Apr 14, 2025",618,0
"Apr 15, 2025",618,0
"Apr 16, 2025",618,0
"Apr 17, 2025",617,-1
"Apr 18, 2025",617,0
"Apr 19, 2025",617,0
"Apr 20, 2025",617,0
"Apr 21, 2025",617,0
"Apr 22, 2025",617,0
"Apr 23, 2025",617,0
"Apr 24, 2025",617,0
"Apr 25, 2025",617,0
"Apr 26, 2025",617,0
"Apr 27, 2025",617,0
"Apr 28, 2025",617,0
"Apr 29, 2025",617,0
"Apr 30, 2025",617,0
"May 1, 2025",617,0
"May 2, 2025",617,0
"May 3, 2025",617,0
"May 4, 2025",617,0
"May 5, 2025",617,0
"May 6, 2025",617,0
"May 7, 2025",617,0
"May 8, 2025",617,0
"May 9, 2025",617,0
"May 10, 2025",617,0
"May 11, 2025",617,0
"May 12, 2025",617,0
"May 13, 2025",617,0
"May 14, 2025",617,0
"May 15, 2025",617,0
"May 16, 2025",617,0
"May 17, 2025",617,0
"May 18, 2025",617,0
"May 19, 2025",617,0
"May 20, 2025",617,0
"May 21, 2025",617,0
"May 22, 2025",617,0
"May 23, 2025",617,0
"May 24, 2025",617,0
"May 25, 2025",617,0
"May 26, 2025",617,0
"May 27, 2025",617,0
"May 28, 2025",617,0
"May 29, 2025",617,0
"May 30, 2025",617,0
"May 31, 2025",617,0
"Jun 1, 2025",617,0
"Jun 2, 2025",617,0
"Jun 3, 2025",617,0
"Jun 4, 2025",617,0
"Jun 5, 2025",617,0
"Jun 6, 2025",617,0
"Jun 7, 2025",617,0
"Jun 8, 2025",617,0
"Jun 9, 2025",617,0
"Jun 10, 2025",617,0
"Jun 11, 2025",617,0
"Jun 12, 2025",617,0
"Jun 13, 2025",617,0
"Jun 14, 2025",617,0
"Jun 15, 2025",617,0
"Jun 16, 2025",617,0
"Jun 17, 2025",617,0
"Jun 18, 2025",617,0
"Jun 19, 2025",617,0
"Jun 20, 2025",617,0
"Jun 21, 2025",617,0
"Jun 22, 2025",616,-1
"Jun 23, 2025",616,0
"Jun 24, 2025",616,0
"Jun 25, 2025",616,0
"Jun 26, 2025",616,0
"Jun 27, 2025",616,0
"Jun 28, 2025",616,0
"Jun 29, 2025",616,0
"Jun 30, 2025",616,0
"Jul 1, 2025",616,0
"Jul 2, 2025",616,0
"Jul 3, 2025",616,0
"Jul 4, 2025",616,0
"Jul 5, 2025",616,0
"Jul 6, 2025",616,0
"Jul 7, 2025",616,0
"Jul 8, 2025",615,-1
"Jul 9, 2025",616,1
"Jul 10, 2025",616,0
"Jul 11, 2025",615,-1
"Jul 12, 2025",615,0
"Jul 13, 2025",615,0
"Jul 14, 2025",615,0
"Jul 15, 2025",615,0
"Jul 16, 2025",615,0
"Jul 17, 2025",615,0
"Jul 18, 2025",615,0
"Jul 19, 2025",615,0
"Jul 20, 2025",615,0
"Jul 21, 2025",615,0
"Jul 22, 2025",615,0
"Jul 23, 2025",615,0
"Jul 24, 2025",615,0
"Jul 25, 2025",615,0
"Jul 26, 2025",615,0
"Jul 27, 2025",615,0
"Jul 28, 2025",615,0
"Jul 29, 2025",615,0
"Jul 30, 2025",615,0
"Jul 31, 2025",615,0
"Aug 1, 2025",615,0
"Aug 2, 2025",615,0
"Aug 3, 2025",615,0
"Aug 4, 2025",615,0
"Aug 5, 2025",615,0
"Aug 6, 2025",615,0
"Aug 7, 2025",615,0
"Aug 8, 2025",615,0
"Aug 9, 2025",615,0
"Aug 10, 2025",615,0
"Aug 11, 2025",615,0
"Aug 12, 2025",615,0
"Aug 13, 2025",615,0
"Aug 14, 2025",615,0
"Aug 15, 2025",615,0
"Aug 16, 2025",615,0
"Aug 17, 2025",615,0
"Aug 18, 2025",615,0
"Aug 19, 2025",615,0
"Aug 20, 2025",615,0
"Aug 21, 2025",615,0
"Aug 22, 2025",615,0
"Aug 23, 2025",615,0
"Aug 24, 2025",615,0
"Aug 25, 2025",615,0
"Aug 26, 2025",615,0
"Aug 27, 2025",615,0
"Aug 28, 2025",615,0
"Aug 29, 2025",615,0
"Aug 30, 2025",615,0
"Aug 31, 2025",615,0
"Sep 1, 2025",615,0
"Sep 2, 2025",615,0
"Sep 3, 2025",615,0
"Sep 4, 2025",615,0
"Sep 5, 2025",615,0
"Sep 6, 2025",615,0
"Sep 7, 2025",615,0
"Sep 8, 2025",615,0
"Sep 9, 2025",615,0
"Sep 10, 2025",615,0
"Sep 11, 2025",615,0
"Sep 12, 2025",615,0
"Sep 13, 2025",615,0
"Sep 14, 2025",615,0
"Sep 15, 2025",615,0
"Sep 16, 2025",615,0
"Sep 17, 2025",615,0
"Sep 18, 2025",615,0
"Sep 19, 2025",615,0
"Sep 20, 2025",615,0
"Sep 21, 2025",615,0
"Sep 22, 2025",615,0
"Sep 23, 2025",615,0
"Sep 24, 2025",615,0
"Sep 25, 2025",615,0
"Sep 26, 2025",615,0
"Sep 27, 2025",615,0
"Sep 28, 2025",615,0
"Sep 29, 2025",615,0
"Sep 30, 2025",615,0
"Oct 1, 2025",615,0
"Oct 2, 2025",615,0
"Oct 3, 2025",615,0
"Oct 4, 2025",615,0
"Oct 5, 2025",615,0
"Oct 6, 2025",615,0
"Oct 7, 2025",615,0
"Oct 8, 2025",615,0
"Oct 9, 2025",615,0
"Oct 10, 2025",615,0
"Oct 11, 2025",615,0
"Oct 12, 2025",615,0
"Oct 13, 2025",615,0
"Oct 14, 2025",615,0
"Oct 15, 2025",615,0
"Oct 16, 2025",615,0
"Oct 17, 2025",615,0
"Oct 18, 2025",615,0
"Oct 19, 2025",615,0
"Oct 20, 2025",615,0
"Oct 21, 2025",615,0
"Oct 22, 2025",615,0
"Oct 23, 2025",615,0
"Oct 24, 2025",615,0
"Oct 25, 2025",615,0
"Oct 26, 2025",615,0
"Oct 27, 2025",615,0
"Oct 28, 2025",615,0
"Oct 29, 2025",615,0
"Oct 30, 2025",615,0
"Oct 31, 2025",615,0
"Nov 1, 2025",615,0
"Nov 2, 2025",615,0
"Nov 3, 2025",615,0
"Nov 4, 2025",615,0
"Nov 5, 2025",615,0
"Nov 6, 2025",615,0
"Nov 7, 2025",615,0
"Nov 8, 2025",615,0
"Nov 9, 2025",615,0
"Nov 10, 2025",615,0
"Nov 11, 2025",615,0
"Nov 12, 2025",615,0
"Nov 13, 2025",615,0
"Nov 14, 2025",615,0
"Nov 15, 2025",615,0
"Nov 16, 2025",615,0
"Nov 17, 2025",615,0
"Nov 18, 2025",615,0
"Nov 19, 2025",615,0
"Nov 20, 2025",615,0
"Nov 21, 2025",615,0
"Nov 22, 2025",615,0
"Nov 23, 2025",615,0
"Nov 24, 2025",615,0
"Nov 25, 2025",615,0
"Nov 26, 2025",615,0
"Nov 27, 2025",615,0